group,keyword,intent,value,difficulty,firsthand,priority_score,volume
B 人を探す,映像クリエイター 探し方,5,4,1,5,500,
D 選定,映像制作者 選び方,5,4,1,5,500,
D 選定,動画制作 見積書 見方,5,4,1,5,500,
B 人を探す,ディレクター 外注 映像,4,4,1,5,400,
A 外注検討,ドキュメンタリー 動画 制作 依頼,4,4,1,5,400,
B 人を探す,映像制作 見つけ方,5,4,2,5,400,
B 人を探す,映像制作 探し方,5,4,2,5,400,
F 運用,制作 依頼 ブリーフ テンプレート,5,4,1,4,400,
B 人を探す,制作会社 フリーランス どっち,5,4,2,5,400,
B 人を探す,制作会社 フリーランス 違い,5,4,2,5,400,
E 契約,動画 著作権 納品 外注,4,4,1,5,400,
B 人を探す,動画クリエイター 依頼 個人,5,4,2,5,400,
B 人を探す,動画制作 見つけ方,5,4,2,5,400,
D 選定,動画制作 見積もり 比較,5,4,2,5,400,
B 人を探す,動画制作 探し方,5,4,2,5,400,
B 人を探す,動画編集 見つけ方,5,4,2,5,400,
B 人を探す,動画編集 探し方,5,4,2,5,400,
B 人を探す,動画編集者 探し方,5,4,2,5,400,
D 選定,フリーランス 見極め,5,3,1,5,375,
E 契約,フリーランス法 メール 明示,5,5,1,3,375,
E 契約,フリーランス法 小規模事業者,5,5,1,3,375,
D 選定,業務委託 見極め方,5,3,1,5,375,
E 契約,発注書 メール,5,5,1,3,375,
A 外注検討,インタビュー動画 制作 依頼,4,4,2,5,320,
B 人を探す,カメラマン 見つけ方,5,4,2,4,320,
B 人を探す,カメラマン 探し方,5,4,2,4,320,
F 運用,外注 進行管理,4,4,1,4,320,
F 運用,外注 進捗管理 方法,4,4,1,4,320,
B 人を探す,外注先 見つけ方,5,4,2,4,320,
B 人を探す,外注先 探し方,5,4,2,4,320,
B 人を探す,広報 見つけ方,5,4,2,4,320,
B 人を探す,広報 探し方,5,4,2,4,320,
G 比較,動画 確認 ツール 修正指示,4,4,2,5,320,
G 比較,動画 校正 ツール 比較,4,4,2,5,320,
F 運用,発注 要件定義 書き方,5,4,2,4,320,
B 人を探す,Web制作 見つけ方,5,5,2,3,300,
B 人を探す,Web制作 探し方,5,5,2,3,300,
G 比較,クラウドワークス ランサーズ 発注者,5,5,2,3,300,
F 運用,フリーランス 納期 遅れる,4,3,1,5,300,
D 選定,フリーランス 面談 質問,5,3,2,5,300,
E 契約,フリーランス法 チェックリスト,5,5,2,3,300,
E 契約,フリーランス法 取引条件 明示,5,5,2,3,300,
E 契約,フリーランス法 明示事項,5,5,2,3,300,
D 選定,ポートフォリオ 見方,4,3,1,5,300,
B 人を探す,ホームページ制作 見つけ方,5,5,2,3,300,
B 人を探す,ホームページ制作 探し方,5,5,2,3,300,
D 選定,映像制作 ポートフォリオ 見方,4,3,1,5,300,
D 選定,映像制作 選び方,5,4,3,5,300,
D 選定,映像制作 面談 質問,4,3,1,5,300,
C 価格,外注 見積もり 比較 方法,5,3,1,4,300,
F 運用,外注 納期遅延 対応,4,3,1,5,300,
F 運用,外注 品質 低い 対応,4,3,1,5,300,
D 選定,業務委託 面談 質問,5,3,2,5,300,
F 運用,修正回数 トラブル,4,3,1,5,300,
F 運用,修正回数 契約 書き方,4,3,1,5,300,
G 比較,電子契約 フリーランス,5,5,2,3,300,
D 選定,動画 ポートフォリオ 見方,4,3,1,5,300,
F 運用,動画 構成案 依頼,4,3,1,5,300,
F 運用,動画 修正指示 書き方,4,3,1,5,300,
F 運用,動画 納品 形式 指定,4,3,1,5,300,
D 選定,動画制作 ポートフォリオ 見方,4,3,1,5,300,
D 選定,動画制作 選び方,5,4,3,5,300,
D 選定,動画制作 面談 質問,4,3,1,5,300,
D 選定,動画編集 ポートフォリオ 見方,4,3,1,5,300,
D 選定,動画編集 選び方,5,4,3,5,300,
D 選定,動画編集 面談 質問,4,3,1,5,300,
E 契約,発注書 必要項目,5,5,2,3,300,
G 比較,プロジェクト管理ツール 外注,4,4,2,4,256,
B 人を探す,PR 見つけ方,5,4,2,3,240,
B 人を探す,PR 探し方,5,4,2,3,240,
B 人を探す,SNS運用 見つけ方,5,4,2,3,240,
B 人を探す,SNS運用 探し方,5,4,2,3,240,
D 選定,Web制作 ポートフォリオ 見方,4,4,1,3,240,
D 選定,Web制作 面談 質問,4,4,1,3,240,
D 選定,カメラマン ポートフォリオ 見方,4,3,1,4,240,
D 選定,カメラマン 選び方,5,4,3,4,240,
D 選定,カメラマン 面談 質問,4,3,1,4,240,
B 人を探す,デザイナー 見つけ方,5,4,2,3,240,
B 人を探す,デザイナー 探し方,5,4,2,3,240,
D 選定,トライアル 発注 有償,4,3,1,4,240,
A 外注検討,ブランディング動画 制作,4,4,3,5,240,
B 人を探す,フリーランス どこで探す,5,4,2,3,240,
F 運用,フリーランス 音信不通,4,3,1,4,240,
B 人を探す,フリーランス 探し方 企業,5,4,2,3,240,
D 選定,ホームページ制作 ポートフォリオ 見方,4,4,1,3,240,
D 選定,ホームページ制作 面談 質問,4,4,1,3,240,
B 人を探す,ライター 見つけ方,5,4,2,3,240,
B 人を探す,ライター 探し方,5,4,2,3,240,
E 契約,映像制作 業務委託契約書,4,4,3,5,240,
A 外注検討,会社紹介動画 外注,4,4,3,5,240,
F 運用,外注 指示の出し方,4,3,2,5,240,
G 比較,外注管理 エクセル,4,3,1,4,240,
D 選定,外注先 選定基準,5,3,2,4,240,
D 選定,外注先 評価シート,4,3,1,4,240,
E 契約,業務委託 契約書 必要か,4,5,2,3,240,
B 人を探す,業務委託 人材 探し方,5,4,2,3,240,
F 運用,業務委託 連絡取れない,4,3,1,4,240,
D 選定,広報 ポートフォリオ 見方,4,3,1,4,240,
D 選定,広報 選び方,5,4,3,4,240,
D 選定,広報 面談 質問,4,3,1,4,240,
A 外注検討,採用動画 外注,4,4,3,5,240,
E 契約,動画制作 業務委託契約書,4,4,3,5,240,
E 契約,動画編集 業務委託契約書,4,4,3,5,240,
B 人を探す,良いデザイナー 見つけ方,5,4,2,3,240,
D 選定,Web制作 選び方,5,5,3,3,225,
E 契約,フリーランス法 発注者,5,5,3,3,225,
E 契約,フリーランス法 発注者 義務,5,5,3,3,225,
D 選定,ホームページ制作 選び方,5,5,3,3,225,
D 選定,映像 リール 見方,3,3,1,5,225,
E 契約,業務委託 発注書,5,5,3,3,225,
F 運用,撮影 当日 段取り 発注者,3,3,1,5,225,
E 契約,発注書 書き方,5,5,3,3,225,
B 人を探す,エンジニア 見つけ方,5,5,2,2,200,
B 人を探す,エンジニア 探し方,5,5,2,2,200,
G 比較,クラウドソーシング 発注者 手数料,5,5,2,2,200,
G 比較,クラウドソーシング 比較 発注者,5,5,2,2,200,
B 人を探す,営業代行 見つけ方,5,5,2,2,200,
B 人を探す,営業代行 探し方,5,5,2,2,200,
C 価格,外注 安い 失敗,4,2,1,5,200,
G 比較,業務委託管理ツール,5,5,2,2,200,
B 人を探す,経理 見つけ方,5,5,2,2,200,
B 人を探す,経理 探し方,5,5,2,2,200,
B 人を探す,採用代行 見つけ方,5,5,2,2,200,
B 人を探す,採用代行 探し方,5,5,2,2,200,
E 契約,NDA 外注,4,4,2,3,192,
E 契約,カメラマン 業務委託契約書,4,4,3,4,192,
G 比較,クラウドソーシング デメリット 発注者,4,4,2,3,192,
G 比較,クラウドソーシング 発注 コツ,4,4,2,3,192,
G 比較,ココナラ 発注 注意,4,4,2,3,192,
E 契約,デザイン 著作権 譲渡 契約,4,4,2,3,192,
C 価格,見積書 比較 ポイント,4,3,2,4,192,
A 外注検討,広報 業務委託,4,3,2,4,192,
E 契約,広報 業務委託契約書,4,4,3,4,192,
D 選定,PR ポートフォリオ 見方,4,3,1,3,180,
D 選定,PR 選び方,5,4,3,3,180,
D 選定,PR 面談 質問,4,3,1,3,180,
D 選定,SNS運用 ポートフォリオ 見方,4,3,1,3,180,
D 選定,SNS運用 選び方,5,4,3,3,180,
D 選定,SNS運用 面談 質問,4,3,1,3,180,
B 人を探す,SNS運用代行 選び方,5,4,3,3,180,
B 人を探す,Webデザイナー 個人 依頼,5,4,3,3,180,
E 契約,Web制作 業務委託契約書,4,5,3,3,180,
D 選定,デザイナー ポートフォリオ 見方,4,3,1,3,180,
D 選定,デザイナー 選び方,5,4,3,3,180,
D 選定,デザイナー 面談 質問,4,3,1,3,180,
E 契約,ホームページ制作 業務委託契約書,4,5,3,3,180,
D 選定,ライター ポートフォリオ 見方,4,3,1,3,180,
D 選定,ライター 選び方,5,4,3,3,180,
B 人を探す,ライター 探し方 企業,5,3,2,3,180,
D 選定,ライター 面談 質問,4,3,1,3,180,
A 外注検討,映像制作 依頼,4,3,3,5,180,
F 運用,外注 キックオフ 議題,3,3,1,4,180,
F 運用,外注 継続 発注 単価,3,3,1,4,180,
D 選定,外注先 比較表,4,3,1,3,180,
A 外注検討,動画制作 依頼,4,3,3,5,180,
A 外注検討,動画編集 依頼,4,3,3,5,180,
D 選定,エンジニア ポートフォリオ 見方,4,4,1,2,160,
D 選定,エンジニア 面談 質問,4,4,1,2,160,
B 人を探す,ロゴ制作 見つけ方,5,4,2,2,160,
B 人を探す,ロゴ制作 探し方,5,4,2,2,160,
D 選定,営業代行 ポートフォリオ 見方,4,4,1,2,160,
D 選定,営業代行 面談 質問,4,4,1,2,160,
D 選定,経理 ポートフォリオ 見方,4,4,1,2,160,
D 選定,経理 面談 質問,4,4,1,2,160,
D 選定,採用代行 ポートフォリオ 見方,4,4,1,2,160,
D 選定,採用代行 面談 質問,4,4,1,2,160,
G 比較,GMOサイン クラウドサイン 比較,5,5,3,2,150,
D 選定,エンジニア 選び方,5,5,3,2,150,
G 比較,クラウドサイン freeeサイン 比較,5,5,3,2,150,
G 比較,フリーランスマネジメントシステム 比較,5,5,3,2,150,
D 選定,営業代行 選び方,5,5,3,2,150,
F 運用,外注 フィードバック 伝え方,3,2,1,5,150,
D 選定,外注 相性,3,2,1,5,150,
G 比較,業務委託管理システム 比較,5,5,3,2,150,
D 選定,経理 選び方,5,5,3,2,150,
D 選定,採用代行 選び方,5,5,3,2,150,
G 比較,電子契約 比較 小規模,5,5,3,2,150,
E 契約,発注書 テンプレート,5,5,4,3,150,
E 契約,PR 業務委託契約書,4,4,3,3,144,
E 契約,SNS運用 業務委託契約書,4,4,3,3,144,
A 外注検討,Web制作 依頼,4,4,3,3,144,
A 外注検討,YouTube 動画編集 外注,4,3,3,4,144,
A 外注検討,カメラマン 依頼,4,3,3,4,144,
A 外注検討,ショート動画 外注,4,3,3,4,144,
E 契約,デザイナー 業務委託契約書,4,4,3,3,144,
F 運用,デザイン 修正依頼 伝え方,4,3,2,3,144,
A 外注検討,プレスリリース 外注,4,3,2,3,144,
A 外注検討,ホームページ制作 依頼,4,4,3,3,144,
E 契約,ライター 業務委託契約書,4,4,3,3,144,
A 外注検討,広報 依頼,4,3,3,4,144,
C 価格,社員 採用 外注 コスト 比較,4,3,2,3,144,
E 契約,著作権 譲渡 外注,4,4,3,3,144,
A 外注検討,映像制作 フリーランス,3,3,3,5,135,
A 外注検討,社内報 外注,3,3,1,3,135,
A 外注検討,動画制作 フリーランス,3,3,3,5,135,
A 外注検討,動画編集 フリーランス,3,3,3,5,135,
H 支払い,フリーランス 支払い 方法,4,4,2,2,128,
E 契約,フリーランス法 60日,4,4,2,2,128,
E 契約,フリーランス法 違反 事例,4,4,2,2,128,
H 支払い,業務委託 報酬 支払期日,4,4,2,2,128,
E 契約,秘密保持契約 フリーランス,4,4,2,2,128,
E 契約,エンジニア 業務委託契約書,4,5,3,2,120,
G 比較,クラウドワークス ランサーズ 比較,4,5,4,3,120,
D 選定,ロゴ制作 ポートフォリオ 見方,4,3,1,2,120,
D 選定,ロゴ制作 選び方,5,4,3,2,120,
D 選定,ロゴ制作 面談 質問,4,3,1,2,120,
E 契約,営業代行 業務委託契約書,4,5,3,2,120,
A 外注検討,映像制作 外注,4,3,4,5,120,
F 運用,映像制作 外注 トラブル,3,2,2,5,120,
C 価格,映像制作 外注 相場,4,3,4,5,120,
C 価格,映像制作 外注 費用,4,3,4,5,120,
F 運用,業務委託 契約 終了 伝え方,3,2,1,4,120,
E 契約,経理 業務委託契約書,4,5,3,2,120,
E 契約,採用代行 業務委託契約書,4,5,3,2,120,
G 比較,請求書 受け取り サービス 比較,4,5,3,2,120,
B 人を探す,知人紹介 外注 注意,3,2,1,4,120,
A 外注検討,動画制作 外注,4,3,4,5,120,
F 運用,動画制作 外注 トラブル,3,2,2,5,120,
C 価格,動画制作 外注 相場,4,3,4,5,120,
C 価格,動画制作 外注 費用,4,3,4,5,120,
A 外注検討,動画編集 外注,4,3,4,5,120,
F 運用,動画編集 外注 トラブル,3,2,2,5,120,
C 価格,動画編集 外注 相場,4,3,4,5,120,
C 価格,動画編集 外注 費用,4,3,4,5,120,
A 外注検討,PR 依頼,4,3,3,3,108,
A 外注検討,SNS運用 依頼,4,3,3,3,108,
A 外注検討,Web制作 フリーランス,3,4,3,3,108,
F 運用,Web制作 外注 トラブル,3,3,2,3,108,
A 外注検討,イベント撮影 依頼,3,3,3,4,108,
A 外注検討,オウンドメディア 記事 外注,4,3,3,3,108,
A 外注検討,カメラマン フリーランス,3,3,3,4,108,
A 外注検討,デザイナー 依頼,4,3,3,3,108,
C 価格,フリーランス 単価 相場 発注,4,3,3,3,108,
A 外注検討,ホームページ制作 フリーランス,3,4,3,3,108,
F 運用,ホームページ制作 外注 トラブル,3,3,2,3,108,
A 外注検討,ライター 依頼,4,3,3,3,108,
C 価格,外注費 相場,4,3,3,3,108,
A 外注検討,広報 フリーランス,3,3,3,4,108,
G 比較,freee マネーフォワード 比較,5,5,4,2,100,
G 比較,請求書ソフト 比較,5,5,4,2,100,
A 外注検討,LP制作 外注,4,4,4,3,96,
A 外注検討,Web制作 外注,4,4,4,3,96,
C 価格,Web制作 外注 相場,4,4,4,3,96,
C 価格,Web制作 外注 費用,4,4,4,3,96,
A 外注検討,アプリ開発 フリーランス 依頼,4,4,3,2,96,
E 契約,インボイス 未登録 フリーランス 発注,4,4,3,2,96,
A 外注検討,エンジニア 依頼,4,4,3,2,96,
D 選定,エンジニア 業務委託 面談,4,3,2,2,96,
A 外注検討,カメラマン 外注,4,3,4,4,96,
F 運用,カメラマン 外注 トラブル,3,2,2,4,96,
C 価格,カメラマン 外注 相場,4,3,4,4,96,
C 価格,カメラマン 外注 費用,4,3,4,4,96,
A 外注検討,システム開発 外注 失敗,4,4,3,2,96,
B 人を探す,フリーランスエージェント 企業側,4,4,3,2,96,
E 契約,フリーランス法 わかりやすく,4,4,3,2,96,
E 契約,フリーランス法 禁止行為,4,4,3,2,96,
G 比較,プロジェクト管理ツール 無料 小規模,4,4,4,3,96,
A 外注検討,ホームページ制作 外注,4,4,4,3,96,
C 価格,ホームページ制作 外注 相場,4,4,4,3,96,
C 価格,ホームページ制作 外注 費用,4,4,4,3,96,
C 価格,ホームページ制作 費用 個人 依頼,4,4,4,3,96,
E 契約,ロゴ制作 業務委託契約書,4,4,3,2,96,
A 外注検討,営業代行 依頼,4,4,3,2,96,
C 価格,会社紹介動画 費用,4,3,4,4,96,
A 外注検討,経理 依頼,4,4,3,2,96,
A 外注検討,経理 外注 小規模,4,4,3,2,96,
A 外注検討,広報 外注,4,3,4,4,96,
F 運用,広報 外注 トラブル,3,2,2,4,96,
C 価格,広報 外注 相場,4,3,4,4,96,
C 価格,広報 外注 費用,4,3,4,4,96,
A 外注検討,採用代行 依頼,4,4,3,2,96,
C 価格,動画制作 費用 相場 1分,4,3,4,4,96,
C 価格,動画編集 単価 相場,4,3,4,4,96,
A 外注検討,PR フリーランス,3,3,3,3,81,
A 外注検討,SNS運用 フリーランス,3,3,3,3,81,
A 外注検討,デザイナー フリーランス,3,3,3,3,81,
G 比較,ファイル共有 外注 おすすめ,3,3,3,3,81,
A 外注検討,ライター フリーランス,3,3,3,3,81,
E 契約,業務委託契約書 テンプレート,4,5,4,2,80,
E 契約,業務委託契約書 書き方,4,5,4,2,80,
G 比較,電子契約 無料,4,5,4,2,80,
A 外注検討,Instagram 運用 外注,4,3,4,3,72,
A 外注検討,PR 外注,4,3,4,3,72,
F 運用,PR 外注 トラブル,3,2,2,3,72,
C 価格,PR 外注 相場,4,3,4,3,72,
C 価格,PR 外注 費用,4,3,4,3,72,
A 外注検討,SNS運用 外注,4,3,4,3,72,
F 運用,SNS運用 外注 トラブル,3,2,2,3,72,
C 価格,SNS運用 外注 相場,4,3,4,3,72,
C 価格,SNS運用 外注 費用,4,3,4,3,72,
A 外注検討,エンジニア フリーランス,3,4,3,2,72,
F 運用,エンジニア 外注 トラブル,3,3,2,2,72,
G 比較,スキルマーケット 比較,3,4,3,2,72,
A 外注検討,デザイナー 外注,4,3,4,3,72,
F 運用,デザイナー 外注 トラブル,3,2,2,3,72,
C 価格,デザイナー 外注 相場,4,3,4,3,72,
C 価格,デザイナー 外注 費用,4,3,4,3,72,
A 外注検討,ライター 外注,4,3,4,3,72,
F 運用,ライター 外注 トラブル,3,2,2,3,72,
C 価格,ライター 外注 相場,4,3,4,3,72,
C 価格,ライター 外注 費用,4,3,4,3,72,
A 外注検討,ロゴ制作 依頼,4,3,3,2,72,
A 外注検討,営業代行 フリーランス,3,4,3,2,72,
F 運用,営業代行 外注 トラブル,3,3,2,2,72,
H 支払い,外注費 請求書 受け取り,3,4,3,2,72,
A 外注検討,経理 フリーランス,3,4,3,2,72,
F 運用,経理 外注 トラブル,3,3,2,2,72,
A 外注検討,採用代行 フリーランス,3,4,3,2,72,
F 運用,採用代行 外注 トラブル,3,3,2,2,72,
A 外注検討,エンジニア 外注,4,4,4,2,64,
C 価格,エンジニア 外注 相場,4,4,4,2,64,
C 価格,エンジニア 外注 費用,4,4,4,2,64,
A 外注検討,営業代行 外注,4,4,4,2,64,
C 価格,営業代行 外注 相場,4,4,4,2,64,
C 価格,営業代行 外注 費用,4,4,4,2,64,
E 契約,業務委託 源泉徴収 必要,4,4,4,2,64,
A 外注検討,経理 外注,4,4,4,2,64,
C 価格,経理 外注 相場,4,4,4,2,64,
C 価格,経理 外注 費用,4,4,4,2,64,
A 外注検討,採用代行 外注,4,4,4,2,64,
C 価格,採用代行 外注 相場,4,4,4,2,64,
C 価格,採用代行 外注 費用,4,4,4,2,64,
A 外注検討,X 運用 代行,3,3,3,2,54,
A 外注検討,バナー制作 外注,3,3,3,2,54,
A 外注検討,ロゴ制作 フリーランス,3,3,3,2,54,
E 契約,偽装請負 業務委託 注意,3,3,3,2,54,
B 人を探す,副業人材 活用,3,3,3,2,54,
G 比較,クラウド会計 おすすめ 法人,5,5,5,2,50,
G 比較,クラウド会計 比較,5,5,5,2,50,
G 比較,電子契約 おすすめ,5,5,5,2,50,
G 比較,電子契約 比較,5,5,5,2,50,
C 価格,SNS運用代行 費用,4,3,4,2,48,
G 比較,プロジェクト管理ツール 比較,4,4,5,3,48,
C 価格,ロゴ 制作 費用 相場,4,3,4,2,48,
F 運用,ロゴ 納品 データ 形式,3,2,2,2,48,
A 外注検討,ロゴ制作 外注,4,3,4,2,48,
F 運用,ロゴ制作 外注 トラブル,3,2,2,2,48,
C 価格,ロゴ制作 外注 相場,4,3,4,2,48,
C 価格,ロゴ制作 外注 費用,4,3,4,2,48,
C 価格,記事 外注 文字単価 相場,4,3,4,2,48,
A 外注検討,記帳代行 比較,4,4,3,1,48,
G 比較,電子契約 メリット デメリット,3,4,4,2,48,
G 比較,日程調整ツール 比較,3,4,4,2,48,
C 価格,外注 値下げ交渉,3,1,2,3,36,
E 契約,準委任 請負 違い,3,3,4,2,36,
C 価格,相見積もり 断り方,3,1,2,3,36,
H 支払い,源泉徴収 計算 外注,4,4,4,1,32,
G 比較,オンライン面談 ツール,2,3,4,2,24,
H 支払い,外注費 仕訳,3,4,4,1,24,
H 支払い,支払調書 フリーランス,3,4,4,1,24,
A 外注検討,名刺デザイン 外注,2,2,3,2,24,
